City,Lat,lng,Max Temp,Humidity,Cloudiness,Wind Speed,Country,Date
adamstown,-25.066,-130.1015,22.97,75.0,38.0,9.27,PN,1733614295.0
isafjordur,66.0755,-23.124,-3.53,77.0,99.0,6.65,IS,1733614296.0
iglino,54.8324,56.4126,-15.84,99.0,100.0,1.45,RU,1733614296.0
lihue,21.9789,-159.3672,26.77,74.0,20.0,3.6,US,1733614296.0
bethel,41.3712,-73.414,1.98,64.0,100.0,0.0,US,1733614111.0
kharan,28.5833,65.4167,7.21,28.0,1.0,2.19,PK,1733614297.0
ushuaia,-54.8,-68.3,8.81,71.0,75.0,3.6,AR,1733614130.0
hamilton,39.1834,-84.5333,4.91,50.0,0.0,5.14,US,1733614009.0
zayed city,24.3768,54.589,23.08,78.0,0.0,3.09,AE,1733614297.0
riversdale,18.1659,-76.9642,25.58,81.0,100.0,2.32,JM,1733614297.0
esztergom,47.7928,18.7415,3.71,98.0,100.0,1.61,HU,1733614297.0
port-aux-francais,-49.35,70.2167,5.1,96.0,100.0,8.95,TF,1733614298.0
punta arenas,-53.15,-70.9167,11.06,66.0,75.0,7.72,CL,1733613972.0
puerto ayora,-0.7393,-90.3518,22.53,94.0,61.0,2.68,EC,1733614313.0
tsetserleg,47.475,101.4542,-12.57,78.0,29.0,2.19,MN,1733614313.0
olonkinbyen,70.9221,-8.7187,-6.54,67.0,72.0,8.67,SJ,1733614314.0
puerto natales,-51.7236,-72.4875,10.25,57.0,40.0,9.77,CL,1733614314.0
corner brook,48.9667,-57.9484,-5.08,84.0,100.0,5.56,CA,1733614315.0
laguna,38.421,-121.4238,17.28,68.0,0.0,3.09,US,1733614224.0
inirida,3.8653,-67.9239,26.97,74.0,98.0,1.17,CO,1733614315.0
ust-nera,64.5667,143.2,-27.54,98.0,98.0,1.58,RU,1733614315.0
college,64.8569,-147.8028,-16.62,82.0,40.0,0.0,US,1733614315.0
aasiaat,68.7098,-52.8699,-1.54,61.0,100.0,7.67,GL,1733614055.0
badger,64.8,-147.5333,-15.86,85.0,0.0,0.0,US,1733614316.0
abuyog,10.6667,125.05,26.19,95.0,100.0,1.92,PH,1733614316.0
albany,42.6001,-73.9662,-0.77,71.0,100.0,0.45,US,1733613999.0
afaahiti,-17.75,-149.2833,25.6,81.0,96.0,9.26,PF,1733614316.0
margaret river,-33.95,115.0667,18.33,57.0,0.0,3.87,AU,1733614316.0
kamaishi,39.2667,141.8833,3.31,56.0,0.0,4.54,JP,1733614316.0
grytviken,-54.2811,-36.5092,-1.51,67.0,86.0,3.61,GS,1733614317.0
port alfred,-33.5906,26.891,20.1,88.0,5.0,1.34,ZA,1733614317.0
pujili,-0.95,-78.6833,12.1,71.0,40.0,1.03,EC,1733614317.0
udachny,66.4167,112.4,-25.57,99.0,92.0,2.97,RU,1733614320.0
tejen,37.3834,60.5054,0.66,53.0,8.0,2.71,TM,1733614320.0
fortaleza,-3.7227,-38.5247,27.34,78.0,0.0,3.6,BR,1733613774.0
bredasdorp,-34.5322,20.0403,15.69,80.0,25.0,0.44,ZA,1733614321.0
tamanrasset,22.785,5.5228,7.95,25.0,0.0,2.06,DZ,1733614321.0
iskateley,67.6803,53.1512,-11.88,94.0,28.0,5.36,RU,1733614321.0
susuman,62.7833,148.1667,-30.69,100.0,98.0,0.34,RU,1733614321.0
whitehorse,60.7161,-135.0538,-10.57,85.0,75.0,1.54,CA,1733614321.0
nova xavantina,-14.6667,-52.35,23.65,86.0,79.0,0.66,BR,1733614321.0
nar'yan-mar,67.6713,53.087,-11.86,94.0,30.0,5.34,RU,1733614322.0
crane,31.3974,-102.3501,9.39,76.0,65.0,3.89,US,1733614325.0
waitangi,-43.9535,-176.5597,15.46,80.0,41.0,1.79,NZ,1733614325.0
papatowai,-46.5619,169.4708,18.05,62.0,100.0,4.32,NZ,1733614325.0
tiksi,71.6872,128.8694,-26.41,99.0,81.0,3.11,RU,1733614325.0
berezovyy,51.6667,135.7,-18.21,83.0,50.0,1.42,RU,1733614325.0
kingston,17.997,-76.7936,27.53,69.0,75.0,6.17,JM,1733614171.0
kodiak,57.79,-152.4072,2.73,87.0,0.0,0.0,US,1733614332.0
bubaque,11.2833,-15.8333,27.04,64.0,98.0,2.44,GW,1733614333.0
lata,40.1629,-8.3327,5.4,85.0,15.0,2.19,PT,1733614333.0
edinburgh of the seven seas,-37.0676,-12.3116,16.06,92.0,100.0,16.16,SH,1733614333.0
sokcho,38.2083,128.5911,-0.66,37.0,0.0,6.69,KR,1733614333.0
gadzhiyevo,69.2551,33.3362,0.2,85.0,98.0,11.75,RU,1733614333.0
uturoa,-16.7333,-151.4333,27.42,76.0,62.0,8.83,PF,1733614334.0
falun,60.6036,15.626,-0.77,99.0,100.0,0.89,SE,1733614334.0
pacific grove,36.6177,-121.9166,17.98,87.0,0.0,3.09,US,1733614334.0
blackmans bay,-43.0167,147.3167,15.41,58.0,15.0,2.68,AU,1733614334.0
taro,-8.3862,115.28,24.18,80.0,100.0,0.42,ID,1733614334.0
avarua,-21.2078,-159.775,27.03,89.0,20.0,6.69,CK,1733614334.0
longyearbyen,78.2186,15.6401,-2.09,80.0,75.0,5.66,SJ,1733614335.0
new norfolk,-42.7826,147.0587,16.07,54.0,11.0,6.25,AU,1733614335.0
abnub,27.2696,31.1511,16.44,43.0,100.0,1.05,EG,1733614335.0
la sarre,48.8002,-79.1996,-11.83,95.0,100.0,4.23,CA,1733614335.0
cloquet,46.7216,-92.4594,4.38,68.0,0.0,0.0,US,1733614335.0
envira,-7.3,-70.2167,24.19,89.0,83.0,1.26,BR,1733614335.0
taltal,-25.4,-70.4833,18.1,74.0,24.0,1.02,CL,1733614336.0
fortuna,40.5982,-124.1573,14.51,97.0,75.0,0.0,US,1733614336.0
ancud,-41.8697,-73.8203,12.3,75.0,55.0,2.12,CL,1733614336.0
georgetown,5.4112,100.3354,25.96,88.0,20.0,1.03,MY,1733614193.0
newman,37.3138,-121.0208,15.59,72.0,83.0,0.89,US,1733614336.0
agnibilekrou,7.1344,-3.2047,24.74,68.0,97.0,1.1,CI,1733614336.0
guerrero negro,27.9769,-114.0611,20.16,50.0,0.0,4.66,MX,1733614336.0
keetmanshoop,-26.5833,18.1333,26.51,25.0,30.0,2.57,NA,1733614337.0
port elizabeth,-33.918,25.5701,20.73,94.0,0.0,2.57,ZA,1733614337.0
la'ie,21.6477,-157.9253,28.66,74.0,4.0,2.68,US,1733614337.0
hermanus,-34.4187,19.2345,16.56,82.0,4.0,1.88,ZA,1733614337.0
sisimiut,66.9395,-53.6735,-3.19,72.0,100.0,4.34,GL,1733614337.0
port lincoln,-34.7333,135.8667,17.94,58.0,53.0,3.45,AU,1733614337.0
qujing,25.4833,103.7833,5.68,94.0,100.0,2.22,CN,1733614338.0
salekhard,66.53,66.6019,-18.56,92.0,5.0,3.1,RU,1733614338.0
bel ombre,-4.6167,55.4167,24.91,83.0,75.0,4.12,SC,1733614339.0
vlore,40.4667,19.4897,11.2,71.0,22.0,3.16,AL,1733614339.0
sao joao de pirabas,-0.7747,-47.1772,23.56,92.0,94.0,1.57,BR,1733614339.0
ciudad melchor muzquiz,27.8833,-101.5167,9.44,85.0,100.0,1.4,MX,1733614339.0
argo,37.6333,22.7333,11.35,88.0,10.0,1.42,GR,1733614339.0
langarud,37.197,50.1535,11.03,83.0,88.0,2.1,IR,1733614340.0
ribeira grande,38.5167,-28.7,19.32,89.0,14.0,6.26,PT,1733614343.0
brownfield,33.1812,-102.2744,10.77,73.0,88.0,4.36,US,1733614343.0
wanning,18.8003,110.3967,19.59,78.0,41.0,5.46,CN,1733614343.0
rongelap,11.1635,166.8941,27.79,79.0,94.0,10.29,MH,1733614343.0
daokou,35.5639,114.5058,-1.68,49.0,0.0,3.32,CN,1733614343.0
kalispell,48.1958,-114.3129,0.65,91.0,100.0,2.06,US,1733614238.0
ribeira brava,32.65,-17.0667,19.45,67.0,100.0,4.14,PT,1733614344.0
atafu village,-8.5421,-172.5159,27.78,80.0,39.0,6.19,TK,1733614344.0
malango,-2.9627,119.9001,22.27,80.0,100.0,0.99,ID,1733614344.0
roches noire,-20.1111,57.7122,24.58,92.0,93.0,4.44,MU,1733614344.0
falmouth,50.1544,-5.0711,8.32,61.0,100.0,14.4,GB,1733614349.0
alo,6.5486,4.2686,26.52,83.0,100.0,1.0,NG,1733614350.0
thinadhoo,0.5333,72.9333,27.48,72.0,73.0,5.12,MV,1733614350.0
tazovsky,67.4667,78.7,-11.97,92.0,100.0,5.12,RU,1733614350.0
loukhi,66.0764,33.0381,-4.64,92.0,98.0,3.57,RU,1733614350.0
mawlaik,23.6333,94.4167,13.53,94.0,39.0,0.58,MM,1733614351.0
labytnangi,66.6572,66.4183,-17.6,90.0,5.0,2.91,RU,1733614352.0
carlsbad,33.1581,-117.3506,26.11,31.0,0.0,2.57,US,1733614352.0
huanren,41.2647,125.3667,-9.97,77.0,6.0,0.29,CN,1733614352.0
jinka,5.65,36.65,17.14,45.0,53.0,1.81,ET,1733614352.0
ola,59.5833,151.2833,-10.31,79.0,30.0,5.83,RU,1733614352.0
cabo san lucas,22.8909,-109.9124,25.42,50.0,100.0,1.03,MX,1733614165.0
callao,-12.0667,-77.15,24.29,77.0,0.0,6.17,PE,1733614245.0
cajabamba,-7.6167,-78.05,15.02,76.0,98.0,1.58,PE,1733614353.0
invercargill,-46.4,168.35,21.68,60.0,97.0,5.36,NZ,1733614353.0
vernon,50.2581,-119.2691,2.47,73.0,100.0,0.89,CA,1733614353.0
luchegorsk,46.4764,134.2569,-18.01,97.0,44.0,1.1,RU,1733614353.0
dzuunharaa,48.8523,106.4579,-15.38,88.0,5.0,1.17,MN,1733614353.0
east london,-33.0153,27.9116,20.77,85.0,39.0,5.45,ZA,1733614354.0
klyuchi,52.2667,79.1667,-9.91,95.0,90.0,3.75,RU,1733614354.0
vinton,37.281,-79.897,3.32,52.0,44.0,0.89,US,1733614354.0
yellowknife,62.456,-114.3525,-10.71,92.0,100.0,3.09,CA,1733614354.0
port douglas,-16.4833,145.4667,27.78,81.0,60.0,3.84,AU,1733614354.0
iqaluit,63.7506,-68.5145,-13.15,71.0,75.0,5.14,CA,1733614212.0
valday,57.9747,33.2525,-4.05,94.0,68.0,1.83,RU,1733614369.0
tibanbang,6.6315,126.1055,25.6,90.0,100.0,1.61,PH,1733614370.0
pisco,-13.7,-76.2167,20.03,77.0,0.0,9.26,PE,1733614370.0
lebu,-37.6167,-73.65,13.12,82.0,1.0,7.57,CL,1733614329.0
wailua homesteads,22.0669,-159.378,26.44,77.0,20.0,3.6,US,1733614370.0
port augusta,-32.5,137.7667,23.35,31.0,76.0,6.56,AU,1733614370.0
enewetak,11.3474,162.3373,27.72,81.0,88.0,10.57,MH,1733614370.0
pierre,44.3683,-100.351,12.93,35.0,0.0,3.6,US,1733614370.0
forster,-32.1667,152.5167,29.1,75.0,17.0,4.28,AU,1733614371.0
mohr,54.3528,9.7167,5.54,95.0,100.0,3.6,DE,1733614378.0
amlapura,-8.45,115.6167,26.63,73.0,89.0,0.3,ID,1733614378.0
new martinsville,39.6445,-80.8576,2.28,51.0,95.0,2.68,US,1733614359.0
calama,-22.4667,-68.9333,19.27,16.0,0.0,11.83,CL,1733614378.0
constantia,44.1833,28.65,10.39,87.0,97.0,6.24,RO,1733614156.0
portsmouth,50.799,-1.0913,8.28,68.0,100.0,12.96,GB,1733614300.0
marka,1.7159,44.7717,26.04,82.0,55.0,6.3,SO,1733614379.0
astara,38.5,48.6667,3.99,95.0,93.0,0.66,AZ,1733614379.0
kapa'a,22.0752,-159.319,27.18,77.0,20.0,3.6,US,1733614379.0
nogliki,51.8333,143.1667,-5.67,88.0,99.0,7.7,RU,1733614379.0
al jawf,29.5,38.75,16.89,52.0,100.0,3.86,SA,1733614379.0
ballina,-28.8667,153.5667,30.53,56.0,41.0,2.56,AU,1733614380.0
el bauga,18.262,33.9081,23.42,49.0,51.0,4.36,SD,1733614381.0
ilulissat,69.2167,-51.1,-0.99,51.0,100.0,8.23,GL,1733614375.0
chonchi,-42.6128,-73.8092,10.99,75.0,68.0,2.09,CL,1733614333.0
palikir - national government center,6.9248,158.1611,28.47,84.0,100.0,7.2,FM,1733614381.0
presidente epitacio,-21.7633,-52.1156,27.26,62.0,78.0,2.6,BR,1733614291.0
manta,-0.95,-80.7333,24.88,73.0,0.0,5.66,EC,1733614386.0
along,28.1667,94.7667,10.23,86.0,92.0,0.66,IN,1733614387.0
campbellton,48.0075,-66.6727,-8.75,84.0,56.0,3.32,CA,1733614387.0
fale old settlement,-9.3852,-171.2468,28.07,79.0,45.0,6.17,TK,1733614387.0
al qubbah,32.7616,22.2424,10.01,80.0,1.0,8.61,LY,1733614387.0
vila franca do campo,37.7167,-25.4333,18.27,99.0,40.0,2.84,PT,1733614387.0
menongue,-14.6585,17.691,20.33,68.0,90.0,4.28,AO,1733614387.0
san mariano,7.5,126.0,23.61,99.0,100.0,0.76,PH,1733614387.0
taghazout,30.5426,-9.7112,19.1,50.0,86.0,3.51,MA,1733614388.0
vangaindrano,-23.35,47.6,22.83,93.0,0.0,2.14,MG,1733614388.0
thompson,55.7435,-97.8558,-13.91,78.0,100.0,2.57,CA,1733614388.0
stanley,54.868,-1.6985,5.29,92.0,75.0,14.4,GB,1733614388.0
mahina,-17.5065,-149.489,29.87,62.0,75.0,8.75,PF,1733614388.0
lesogorsk,56.0458,99.5136,-7.25,97.0,100.0,1.49,RU,1733614388.0
utrik,11.2278,169.8474,27.58,80.0,84.0,10.28,MH,1733614388.0
konarka,19.9,86.1167,22.54,83.0,99.0,3.33,IN,1733614389.0
dawei,14.0833,98.2,23.96,78.0,50.0,2.32,MM,1733614389.0
illizi,26.4833,8.4667,10.22,39.0,0.0,1.78,DZ,1733614389.0
katsuren-haebaru,26.3369,127.8719,18.21,78.0,100.0,9.26,JP,1733614389.0
nova sintra,14.8667,-24.7167,25.46,73.0,100.0,5.06,CV,1733614389.0
selfoss,63.9331,-20.9971,-3.86,79.0,85.0,2.29,IS,1733614389.0
naze,28.3667,129.4833,14.51,64.0,98.0,9.74,JP,1733614390.0
karratha,-20.7377,116.8463,29.56,58.0,92.0,2.46,AU,1733614390.0
buri ram,14.9943,103.1039,21.78,73.0,11.0,5.62,TH,1733614159.0
richards bay,-28.783,32.0377,22.3,82.0,100.0,2.23,ZA,1733614390.0
dompu,-8.5356,118.4622,26.17,90.0,100.0,0.55,ID,1733614397.0
coquimbo,-29.9533,-71.3436,16.85,70.0,20.0,4.63,CL,1733614113.0
smithers,54.7804,-127.1743,4.18,87.0,75.0,1.54,CA,1733614348.0
buka,40.8108,69.1986,-0.75,64.0,100.0,2.44,UZ,1733614398.0
sinabang,2.4803,96.3801,25.94,84.0,93.0,0.29,ID,1733614398.0
acucena,-19.0731,-42.5464,20.3,77.0,71.0,1.29,BR,1733614398.0
at taj,24.2049,23.2857,11.3,53.0,0.0,2.63,LY,1733614398.0
touros,-5.1989,-35.4608,25.77,78.0,7.0,4.71,BR,1733614398.0
soio,-6.1349,12.3689,25.81,88.0,100.0,5.08,AO,1733614398.0
mount gambier,-37.8333,140.7667,16.87,48.0,20.0,4.16,AU,1733614398.0
deqen,29.9618,90.7188,-5.9,75.0,0.0,2.02,CN,1733614399.0
ambato boeny,-16.4667,46.7167,25.01,86.0,0.0,1.17,MG,1733614399.0
wulingyuan,29.3494,110.5441,2.67,65.0,87.0,1.57,CN,1733614399.0
nguigmi,14.2495,13.1092,17.15,18.0,1.0,5.3,NE,1733614400.0
port mathurin,-19.6833,63.4167,24.97,85.0,98.0,8.69,MU,1733614400.0
happy valley-goose bay,53.3168,-60.3315,-9.83,85.0,100.0,4.63,CA,1733614401.0
kazimierza wielka,50.2656,20.4936,-0.72,89.0,13.0,1.07,PL,1733614401.0
i-n-salah,27.1935,2.4607,13.58,30.0,7.0,1.87,DZ,1733614401.0
bangjun,39.9911,117.2628,-4.05,33.0,0.0,3.5,CN,1733614401.0
yuxia,34.0615,108.6291,1.15,41.0,99.0,0.54,CN,1733614401.0
wynyard,-41.0,145.7167,14.55,70.0,64.0,2.68,AU,1733614402.0
sao tome,0.3365,6.7273,26.54,81.0,87.0,3.05,ST,1733614402.0
chapaev,50.2,51.1667,-7.12,59.0,73.0,3.89,KZ,1733614407.0
jamestown,42.097,-79.2353,0.01,63.0,100.0,6.69,US,1733614407.0
talnakh,69.4865,88.3972,-20.71,100.0,100.0,1.09,RU,1733614408.0
zaozersk,69.4005,32.4476,-0.18,88.0,87.0,11.75,RU,1733614411.0
rio grande,-32.035,-52.0986,16.28,70.0,43.0,6.57,BR,1733614326.0
kourou,5.1552,-52.6478,23.97,92.0,35.0,2.48,GF,1733614411.0
saipan,15.1355,145.701,30.39,68.0,0.0,7.2,MP,1733614411.0
uva,56.9908,52.1852,-9.56,93.0,99.0,2.28,RU,1733614418.0
rumoi,43.9344,141.6428,-1.73,76.0,98.0,6.78,JP,1733614418.0
port saint john's,-31.6229,29.5448,21.98,84.0,96.0,5.55,ZA,1733614419.0
findlay,41.0442,-83.6499,4.54,49.0,100.0,1.34,US,1733614140.0
elizabeth city,36.2946,-76.2511,3.0,50.0,0.0,2.57,US,1733614419.0
karpenisi,38.9167,21.7833,1.67,95.0,75.0,2.28,GR,1733614419.0
al muwayh,22.4333,41.7583,17.65,29.0,5.0,5.16,SA,1733614420.0
chibougamau,49.9168,-74.3659,-16.21,92.0,100.0,3.09,CA,1733614420.0
la paz,-16.5,-68.15,13.99,71.0,75.0,3.09,BO,1733614227.0
nizhnesortymskiy,62.4397,71.7603,-19.51,100.0,97.0,3.44,RU,1733614420.0
codrington,-38.2667,141.9667,14.99,57.0,49.0,6.31,AU,1733614420.0
el porvenir,13.7617,-87.3458,23.16,78.0,85.0,2.54,HN,1733614420.0
petropavlovsk-kamchatsky,53.0452,158.6483,0.33,75.0,100.0,7.0,RU,1733614420.0
tsiombe,-25.3,45.4833,22.97,91.0,1.0,2.16,MG,1733614421.0
cabedelo,-6.9811,-34.8339,26.37,77.0,88.0,4.34,BR,1733614421.0
haiku-pauwela,20.9219,-156.3051,26.79,78.0,24.0,9.83,US,1733614421.0
sodankyla,67.4167,26.6,-0.13,93.0,100.0,5.36,FI,1733614424.0
kapuskasing,49.4169,-82.4331,-10.95,92.0,100.0,5.14,CA,1733614261.0
piti village,13.4626,144.6933,30.03,78.0,20.0,7.72,GU,1733614424.0
keflavik,64.0049,-22.5624,-0.76,74.0,0.0,9.77,IS,1733614424.0
arraial do cabo,-22.9661,-42.0278,24.45,91.0,99.0,2.01,BR,1733614295.0
morteros,-30.7116,-61.9986,20.57,39.0,70.0,4.85,AR,1733614426.0
west island,-12.1568,96.8225,25.99,89.0,75.0,7.72,CC,1733614426.0
bawku,11.0616,-0.2417,23.31,22.0,31.0,4.12,GH,1733614426.0
tokar,18.4254,37.729,26.22,71.0,13.0,5.3,SD,1733614426.0
mount isa,-20.7333,139.5,33.87,49.0,8.0,4.12,AU,1733614426.0
baikonur,45.6167,63.3167,-5.14,51.0,0.0,4.09,KZ,1733614427.0
nha trang,12.25,109.1833,26.0,87.0,91.0,3.51,VN,1733614428.0
nizhniy odes,63.6445,54.856,-17.01,98.0,99.0,2.13,RU,1733614428.0
challapata,-18.9,-66.7667,13.79,54.0,65.0,5.02,BO,1733614428.0
quixada,-4.9714,-39.0153,26.1,65.0,56.0,3.29,BR,1733614428.0
pontes e lacerda,-15.2261,-59.3353,23.72,95.0,92.0,1.23,BR,1733614347.0
las rozas de madrid,40.4929,-3.8737,8.34,54.0,0.0,9.83,ES,1733614428.0
brazil,39.5237,-87.125,6.33,52.0,0.0,5.14,US,1733614326.0
alice springs,-23.7,133.8833,30.75,55.0,100.0,6.69,AU,1733614288.0
fort st. john,56.2499,-120.8529,0.94,93.0,75.0,2.57,CA,1733614222.0
hammerfest,70.6634,23.6821,3.25,75.0,40.0,3.09,NO,1733614429.0
nova vicosa,-17.8919,-39.3719,25.06,85.0,41.0,4.11,BR,1733614429.0
road town,18.4167,-64.6167,24.02,88.0,40.0,4.63,VG,1733614430.0
isheyevka,54.4167,48.2667,-7.73,79.0,94.0,4.58,RU,1733614430.0
shakiso,5.75,38.9167,10.94,51.0,53.0,2.08,ET,1733614430.0
vadso,70.0744,29.7487,1.09,80.0,75.0,8.75,NO,1733614436.0
champerico,14.3,-91.9167,27.21,71.0,15.0,2.1,GT,1733614436.0
anadyr,64.75,177.4833,-26.67,75.0,20.0,4.92,RU,1733614436.0
puerto baquerizo moreno,-0.9,-89.6,23.07,83.0,84.0,4.04,EC,1733614436.0
praia da vitoria,38.7333,-27.0667,18.14,94.0,40.0,4.06,PT,1733614436.0
bilibino,68.0546,166.4372,-26.4,85.0,28.0,1.84,RU,1733614436.0
devils lake,48.1128,-98.8651,2.99,81.0,0.0,6.17,US,1733614436.0
namtsy,62.7161,129.6658,-26.61,100.0,98.0,1.17,RU,1733614437.0
bridgewater,44.3835,-64.5155,-6.18,82.0,79.0,4.63,CA,1733614329.0
holualoa,19.6228,-155.9522,26.02,75.0,0.0,5.66,US,1733614437.0
portland,45.5234,-122.6762,9.41,96.0,75.0,2.24,US,1733614370.0
manglaur,29.8,77.8667,9.72,45.0,0.0,2.32,IN,1733614438.0
la campana,37.5689,-5.4267,11.69,65.0,76.0,1.21,ES,1733614438.0
turkmenbasy,40.0222,52.9552,1.43,75.0,0.0,7.2,TM,1733614438.0
kone,-21.0595,164.8658,31.82,47.0,57.0,1.2,NC,1733614438.0
khanty-mansiysk,61.0042,69.0019,-12.94,85.0,75.0,2.0,RU,1733614438.0
vilyuchinsk,52.9306,158.4028,1.15,97.0,100.0,6.9,RU,1733614438.0
desna,50.9273,30.7605,1.87,93.0,100.0,6.24,UA,1733614439.0
mweka,-4.85,21.5667,18.32,94.0,94.0,0.76,CD,1733614439.0
saint-laurent-du-maroni,5.5039,-54.0289,23.13,95.0,71.0,1.32,GF,1733614439.0
tifton,31.4505,-83.5085,8.27,61.0,0.0,0.0,US,1733614425.0
saldanha,-33.0117,17.9442,16.03,79.0,4.0,4.74,ZA,1733614439.0
hawaiian paradise park,19.5933,-154.9731,27.73,76.0,0.0,5.66,US,1733614440.0
yeppoon,-23.1333,150.7333,27.64,63.0,8.0,4.27,AU,1733614440.0
yanchep,-31.55,115.6833,24.01,50.0,0.0,4.83,AU,1733614441.0
magadan,59.5667,150.8,-8.4,75.0,33.0,5.07,RU,1733614441.0
borculo,52.1158,6.5222,6.68,94.0,100.0,7.34,NL,1733614441.0
carnarvon,-24.8667,113.6333,23.31,76.0,13.0,7.96,AU,1733614441.0
evanston,42.0411,-87.6901,10.0,48.0,75.0,9.26,US,1733614441.0
shumikha,55.2261,63.2961,-12.4,94.0,86.0,2.65,RU,1733614441.0
kandyagash,49.4744,57.4233,-9.33,66.0,0.0,3.28,KZ,1733614441.0
port macquarie,-31.4333,152.9167,31.71,61.0,14.0,3.13,AU,1733614245.0
tingi,-11.3,35.0333,18.53,87.0,85.0,1.98,TZ,1733614443.0
winchester,51.0651,-1.3187,7.58,81.0,100.0,11.32,GB,1733614443.0
walvis bay,-22.9575,14.5053,16.53,88.0,66.0,5.14,NA,1733614443.0
luanda,-8.8368,13.2343,27.0,83.0,75.0,2.06,AO,1733613914.0
kongolo,-5.3833,27.0,20.66,93.0,100.0,0.1,CD,1733614443.0
hithadhoo,-0.6,73.0833,27.56,74.0,49.0,6.22,MV,1733614444.0
arno,60.1167,18.6333,1.73,90.0,100.0,2.28,SE,1733614447.0
galliano,29.4422,-90.2992,12.0,71.0,40.0,3.6,US,1733614447.0
pundong,-7.9522,110.3486,26.07,86.0,100.0,0.71,ID,1733614447.0
markala,13.7021,-6.0659,22.2,19.0,100.0,3.89,ML,1733614447.0
sitka,57.0531,-135.33,6.94,81.0,100.0,0.0,US,1733614448.0
atkarsk,51.8718,45.0078,-8.84,91.0,57.0,4.17,RU,1733614448.0
chernyshevskiy,63.0128,112.4714,-27.69,100.0,18.0,2.06,RU,1733614448.0
al ghayzah,16.2079,52.176,24.87,38.0,100.0,6.3,YE,1733614448.0
kiruna,67.8557,20.2251,-2.49,86.0,20.0,5.14,SE,1733614453.0
bardai,11.65,7.2333,15.73,31.0,3.0,4.35,NG,1733614454.0
sao vicente,-23.9631,-46.3919,23.86,26.0,100.0,0.45,BR,1733614454.0
ketchikan,55.3422,-131.6461,7.26,88.0,100.0,5.14,US,1733614255.0
brigantine,39.4101,-74.3646,2.79,59.0,40.0,2.06,US,1733614454.0
kovalam,8.3667,76.9967,27.05,83.0,75.0,1.03,IN,1733614454.0
kangding,30.0513,101.9603,-1.58,89.0,75.0,1.44,CN,1733614454.0
fort mcmurray,56.7268,-111.381,1.73,80.0,100.0,1.03,CA,1733614454.0
marabba,12.35,32.1833,27.83,28.0,38.0,4.72,SD,1733614454.0
san patricio,28.017,-97.5169,14.97,77.0,100.0,3.27,US,1733614455.0
broken hill,-31.95,141.4333,21.86,24.0,17.0,7.59,AU,1733614285.0
al jahra',29.3375,47.6581,17.21,29.0,12.0,3.73,KW,1733614455.0
biharamulo,-2.6319,31.3089,15.31,81.0,71.0,0.61,TZ,1733614455.0
prince rupert,54.3161,-130.3201,7.83,76.0,100.0,9.77,CA,1733614455.0
ypsonas,34.6884,32.9574,13.54,88.0,20.0,1.03,CY,1733614455.0
chiras,35.4167,65.9823,-12.56,96.0,98.0,2.0,AF,1733614455.0
chihuahua,28.5,-106.0,15.46,49.0,20.0,3.88,MX,1733614212.0
pul-e 'alam,33.9953,69.0227,-1.88,42.0,100.0,0.85,AF,1733614456.0
kaitong,44.8135,123.15,-12.3,79.0,3.0,2.31,CN,1733614456.0
santa elena de uairen,4.6167,-61.1333,22.98,63.0,100.0,1.42,VE,1733614456.0
sogndal,61.2283,7.1003,2.21,100.0,100.0,2.06,NO,1733614456.0
matamey,13.4231,8.4749,14.46,22.0,0.0,4.76,NE,1733614456.0
dilling,12.05,29.65,23.82,38.0,66.0,3.33,SD,1733614456.0
muan,34.9897,126.4714,1.94,87.0,75.0,3.09,KR,1733614456.0
queenstown,-31.8976,26.8753,16.54,81.0,85.0,0.6,ZA,1733614457.0
severo-yeniseyskiy,60.3725,93.0408,-15.39,98.0,99.0,0.92,RU,1733614457.0
pandan,14.0453,124.1694,27.34,88.0,95.0,5.54,PH,1733614457.0
kerikeri,-35.2268,173.9474,22.57,53.0,100.0,4.11,NZ,1733614457.0
remire-montjoly,4.9167,-52.2667,24.02,88.0,100.0,2.06,GF,1733614457.0
dudinka,69.4058,86.1778,-26.38,100.0,97.0,1.53,RU,1733614458.0
guilin,25.2819,110.2864,10.06,37.0,100.0,5.69,CN,1733614458.0
bodden town,19.2833,-81.25,26.0,78.0,20.0,7.2,KY,1733614458.0
salinopolis,-0.6136,-47.3561,24.39,90.0,84.0,2.91,BR,1733614458.0
val-d'or,48.1002,-77.7828,-11.95,85.0,100.0,6.17,CA,1733614458.0
ouesso,1.6136,16.0517,23.58,71.0,76.0,0.71,CG,1733614458.0
yarim,14.298,44.3779,7.16,43.0,0.0,3.32,YE,1733614458.0
aykhal,66.0,111.5,-22.93,99.0,98.0,3.78,RU,1733614458.0
malinyi,-8.9333,36.1333,22.12,94.0,85.0,0.77,TZ,1733614459.0
ta`u,-14.2336,-169.5144,28.03,78.0,100.0,5.06,AS,1733614459.0
margate,51.3813,1.3862,7.71,84.0,100.0,2.24,GB,1733614459.0
sirte,31.2089,16.5887,16.08,68.0,21.0,6.45,LY,1733614459.0
nuku'alofa,-21.1333,-175.2,29.19,74.0,75.0,2.57,TO,1733614459.0
sandnessjoen,66.0217,12.6316,4.01,84.0,100.0,8.92,NO,1733614459.0
capinota,-17.7167,-66.2333,18.25,57.0,91.0,5.14,BO,1733614460.0
timimoun,29.2639,0.231,13.21,33.0,0.0,1.54,DZ,1733614460.0
qaqortoq,60.7167,-46.0333,-0.44,95.0,100.0,6.11,GL,1733614460.0
kaifeng,34.7911,114.3483,-0.34,43.0,18.0,2.68,CN,1733614460.0
ayame,5.6083,-3.1563,23.99,90.0,9.0,1.48,CI,1733614460.0
saryaghash,41.45,69.1667,-1.04,78.0,100.0,3.81,KZ,1733614460.0
badak,6.8472,124.7206,23.73,98.0,100.0,1.8,PH,1733614465.0
arawa,-6.2132,155.5367,28.19,75.0,100.0,0.71,PG,1733614466.0
najran,17.4924,44.1277,11.5,43.0,0.0,0.48,SA,1733614466.0
flying fish cove,-10.4217,105.6791,25.82,94.0,100.0,4.63,CX,1733614466.0
ulsteinvik,62.3432,5.8487,7.09,87.0,100.0,2.92,NO,1733614466.0
strathmore,51.0501,-113.3852,1.07,86.0,100.0,2.06,CA,1733614466.0
cestos city,5.46,-9.5828,26.68,77.0,88.0,2.49,LR,1733614466.0
glenvale,-27.5648,151.9076,26.05,70.0,61.0,2.24,AU,1733614466.0
sydney mines,46.2367,-60.2177,-6.05,77.0,20.0,3.6,CA,1733614467.0
abepura,-2.6333,140.5833,25.45,94.0,20.0,1.03,ID,1733614467.0
lycksele,64.5954,18.6735,-3.07,100.0,100.0,0.51,SE,1733614467.0
piton saint-leu,-21.2196,55.3151,22.06,64.0,0.0,2.57,RE,1733614467.0
saynshand,44.8824,110.1163,-11.12,79.0,2.0,3.87,MN,1733614467.0
greymouth,-42.4667,171.2,14.19,95.0,100.0,5.89,NZ,1733614467.0
parkano,62.0167,23.0167,-6.34,99.0,79.0,1.65,FI,1733614468.0
kruisfontein,-34.0033,24.7314,16.66,93.0,9.0,1.76,ZA,1733614471.0
bamboo flat,11.7,92.7167,25.84,78.0,46.0,4.05,IN,1733614471.0
acarau,-2.8856,-40.12,26.54,78.0,100.0,6.52,BR,1733614471.0
brookings,44.3114,-96.7984,7.0,58.0,0.0,3.6,US,1733614275.0
antofagasta,-23.65,-70.4,16.6,88.0,26.0,2.5,CL,1733613944.0
johi,26.6921,67.6133,15.11,14.0,23.0,1.45,PK,1733614471.0
mata-utu,-13.2816,-176.1745,28.31,78.0,96.0,4.63,WF,1733614471.0
zaysan,47.4667,84.8667,-8.13,84.0,100.0,1.16,KZ,1733614472.0
saint-joseph,-21.3667,55.6167,23.21,83.0,5.0,3.67,RE,1733614472.0
nemuro,43.3236,145.575,-1.89,60.0,25.0,4.6,JP,1733614472.0
puerto eldorado,-26.4084,-54.6946,20.92,100.0,100.0,1.21,AR,1733614472.0
kirishi,59.4471,32.0205,-2.81,85.0,95.0,1.43,RU,1733614472.0
namibe,-15.1961,12.1522,20.65,82.0,34.0,2.45,AO,1733614473.0
pangai,-19.8,-174.35,26.1,79.0,82.0,5.79,TO,1733614473.0
la quiaca,-22.1024,-65.593,14.52,60.0,83.0,10.32,AR,1733614473.0
chandler,33.3062,-111.8412,24.8,27.0,0.0,3.6,US,1733614215.0
torrington,41.8007,-73.1212,0.81,71.0,95.0,3.45,US,1733614473.0
aguilar de campoo,42.7945,-4.2589,1.96,83.0,68.0,2.1,ES,1733614474.0
sibut,5.718,19.0739,23.86,31.0,10.0,1.48,CF,1733614474.0
lewistown,40.5992,-77.5714,1.45,76.0,100.0,0.0,US,1733614475.0
punto fijo,11.6956,-70.1996,27.43,76.0,7.0,9.53,VE,1733614475.0
marolambo,-20.05,48.1167,19.82,97.0,29.0,0.64,MG,1733614475.0
vredendal,-31.6683,18.5012,16.83,59.0,12.0,1.54,ZA,1733614476.0
andovoranto,-18.95,49.1,22.07,89.0,11.0,1.75,MG,1733614476.0
wanzleben,52.05,11.45,4.2,94.0,100.0,2.69,DE,1733614477.0
tibu,8.639,-72.7358,23.49,82.0,3.0,1.02,CO,1733614477.0
cambria,35.5641,-121.0808,18.36,71.0,24.0,1.34,US,1733614477.0
point pedro,9.8167,80.2333,26.52,79.0,97.0,3.48,LK,1733614477.0
tura,25.5198,90.2201,13.92,91.0,0.0,1.41,IN,1733614478.0
blackwater,-23.5833,148.8833,29.83,82.0,1.0,2.19,AU,1733614478.0
coahuayana de hidalgo,18.7,-103.6583,26.15,79.0,93.0,1.62,MX,1733614478.0
balikpapan,-1.2675,116.8289,24.55,83.0,20.0,0.51,ID,1733614478.0
baikunthpur,23.25,82.55,13.27,44.0,45.0,1.69,IN,1733614478.0
san antonio de pale,-1.4014,5.6325,26.26,84.0,12.0,4.68,GQ,1733614483.0
les avirons,-21.2418,55.3394,22.05,64.0,0.0,2.57,RE,1733614483.0
tocopilla,-22.092,-70.1979,19.45,75.0,41.0,4.36,CL,1733614484.0
bathsheba,13.2167,-59.5167,26.34,83.0,20.0,6.69,BB,1733614484.0
nagqu,31.5,92.0,-6.94,22.0,3.0,1.63,CN,1733614484.0
xapuri,-10.6517,-68.5044,22.87,97.0,100.0,0.63,BR,1733614484.0
timaru,-44.4,171.25,22.09,45.0,100.0,5.12,NZ,1733614484.0
vorgashor,67.5833,63.95,-19.18,100.0,100.0,4.04,RU,1733614484.0
balsas,-7.5325,-46.0356,26.63,58.0,38.0,3.73,BR,1733614484.0
mouila,-1.8685,11.0559,23.07,98.0,67.0,0.89,GA,1733614485.0
port blair,11.6667,92.75,26.51,78.0,46.0,4.21,IN,1733614485.0
kotar,24.7167,80.9833,13.72,48.0,35.0,2.52,IN,1733614485.0
aldinga beach,-35.2793,138.4604,20.35,51.0,26.0,3.59,AU,1733614485.0
zeya,53.75,127.2667,-14.38,88.0,60.0,2.36,RU,1733614485.0
pangody,65.85,74.4859,-17.28,96.0,99.0,4.01,RU,1733614486.0
anori,-3.7728,-61.6442,24.42,89.0,95.0,1.17,BR,1733614486.0
tolanaro,-25.0319,46.9987,22.04,88.0,20.0,0.0,MG,1733614486.0
altai,46.3722,96.2583,-13.56,72.0,59.0,1.35,MN,1733614060.0
shahecheng,36.9383,114.5058,-1.55,26.0,0.0,1.31,CN,1733614486.0
tchintabaraden,15.8969,5.7985,15.34,21.0,9.0,5.63,NE,1733614486.0
puerto santa,-8.9906,-78.6456,18.92,87.0,30.0,3.79,PE,1733614486.0
tralee,52.2704,-9.7026,7.55,66.0,81.0,10.32,IE,1733614487.0
labrador city,52.9463,-66.9114,-15.46,70.0,40.0,2.06,CA,1733614213.0
tutoia,-2.7619,-42.2744,26.77,81.0,100.0,3.62,BR,1733614487.0
mikomeseng,2.1361,10.6132,21.28,99.0,98.0,0.67,GQ,1733614487.0
ganta,7.3022,-8.5308,19.33,38.0,62.0,1.04,LR,1733614488.0
griffith,41.5284,-87.4237,9.92,38.0,0.0,8.23,US,1733614488.0
pskov,57.8136,28.3496,-2.05,80.0,100.0,2.0,RU,1733614489.0
alotau,-10.3069,150.4462,31.05,61.0,99.0,2.92,PG,1733614489.0
vennesla,58.2694,7.9741,2.93,92.0,75.0,6.69,NO,1733614489.0
amga,60.8953,131.9608,-19.31,99.0,95.0,0.81,RU,1733614489.0
ngerengere,-6.75,38.1167,22.27,98.0,22.0,0.69,TZ,1733614489.0
city of balikpapan,-1.242,116.8942,24.97,83.0,20.0,0.51,ID,1733614489.0
camarinas,43.1311,-9.1817,12.6,61.0,99.0,9.57,ES,1733614489.0
arteche,12.2645,125.4048,27.66,86.0,100.0,3.84,PH,1733614490.0
port isabel,26.0734,-97.2086,14.02,88.0,100.0,2.57,US,1733614490.0
simpang,-1.2667,104.0833,26.16,87.0,90.0,1.09,ID,1733614491.0
saint-pierre,-21.3393,55.4781,23.82,64.0,0.0,2.57,RE,1733614491.0
launceston,-41.45,147.1667,16.8,44.0,35.0,9.26,AU,1733614491.0
chengde,40.9725,117.9361,-6.47,37.0,0.0,2.01,CN,1733614491.0
vuktyl,63.8567,57.3094,-15.71,98.0,99.0,2.75,RU,1733614491.0
hasaki,35.7333,140.8333,8.91,63.0,100.0,4.24,JP,1733614492.0
bhayavadar,21.85,70.25,18.94,66.0,87.0,1.55,IN,1733614492.0
northam,51.0333,-4.2167,8.18,77.0,46.0,18.34,GB,1733614492.0
manokwari,-0.8667,134.0833,28.05,76.0,100.0,1.46,ID,1733614492.0
meizhou,24.2977,116.1072,10.33,72.0,3.0,1.88,CN,1733614493.0
st. john's,47.5649,-52.7093,-0.57,83.0,75.0,5.66,CA,1733614493.0
musoma,-1.5,33.8,19.28,73.0,23.0,3.01,TZ,1733614493.0
huayin,34.5675,110.0921,1.26,48.0,63.0,1.03,CN,1733614493.0
fujikawaguchiko,35.4893,138.6883,-0.35,41.0,83.0,1.71,JP,1733614498.0
faya-largeau,17.9257,19.1043,18.14,29.0,2.0,9.82,TD,1733614498.0
egilsstadir,65.2653,-14.3948,-5.05,74.0,75.0,2.57,IS,1733614498.0
kachug,53.9606,105.8817,-12.77,99.0,100.0,0.13,RU,1733614499.0
antsohihy,-14.8796,47.9875,24.91,85.0,43.0,1.55,MG,1733614500.0
khamaria,23.2167,79.8833,16.12,50.0,49.0,1.82,IN,1733614500.0
colares,38.7992,-9.4469,13.55,69.0,99.0,15.37,PT,1733614500.0
nurabad,34.0734,47.9725,3.26,33.0,99.0,1.09,IR,1733614500.0
alofi,-19.0595,-169.9187,30.94,66.0,87.0,3.09,NU,1733614500.0
marondera,-18.1853,31.5519,16.66,68.0,29.0,2.15,ZW,1733614500.0
okhotsk,59.3833,143.3,-16.37,83.0,31.0,6.79,RU,1733614501.0
tobelo,1.7284,128.0095,26.41,83.0,100.0,0.13,ID,1733614501.0
eureka,40.8021,-124.1637,14.66,92.0,100.0,2.24,US,1733614501.0
luderitz,-26.6481,15.1594,18.0,75.0,0.0,9.4,NA,1733614501.0
nadi,-17.8,177.4167,30.0,66.0,75.0,4.63,FJ,1733614501.0
kitami,43.8031,143.8908,-6.3,64.0,68.0,4.38,JP,1733614501.0
port-vila,-17.7338,168.3219,27.78,83.0,75.0,5.14,VU,1733614501.0
sayansk,54.1088,102.1648,-11.02,97.0,100.0,1.03,RU,1733614502.0
marsh harbour,26.5412,-77.0636,20.45,61.0,1.0,7.23,BS,1733614502.0
puerto carreno,6.189,-67.4859,29.99,62.0,20.0,5.81,CO,1733614502.0
kailua-kona,19.6406,-155.9956,28.09,70.0,0.0,5.66,US,1733614502.0
peace river,56.2501,-117.286,0.17,93.0,100.0,1.03,CA,1733614502.0
page,36.9147,-111.4558,9.51,45.0,0.0,1.34,US,1733614333.0
la passe,45.5549,-0.8967,9.22,64.0,93.0,14.43,FR,1733614503.0
san pedro,14.35,121.0167,27.88,85.0,20.0,2.06,PH,1733614510.0
upata,8.0086,-62.3989,24.24,64.0,44.0,2.88,VE,1733614510.0
miandrivazo,-19.5167,45.4667,26.47,70.0,75.0,1.95,MG,1733614510.0
turpan,42.9333,89.1667,-2.68,81.0,10.0,0.18,CN,1733614510.0
cidade velha,14.9167,-23.6167,25.26,69.0,75.0,6.17,CV,1733614511.0
bol'sherech'ye,56.0925,74.6272,-19.6,100.0,86.0,2.8,RU,1733614518.0
weno,7.4515,151.8468,30.97,74.0,75.0,4.12,FM,1733614518.0
tanout,14.9709,8.8879,13.81,24.0,3.0,6.82,NE,1733614518.0
novaya igirma,57.1334,103.9112,-7.27,95.0,100.0,2.53,RU,1733614518.0
wenchang,30.904,118.4887,3.76,54.0,25.0,3.28,CN,1733614518.0
kolpashevo,58.3131,82.9089,-14.47,95.0,99.0,3.2,RU,1733614518.0
tisul',55.7611,88.3122,-6.24,95.0,100.0,3.19,RU,1733614519.0
augusto correa,-1.0217,-46.635,22.14,99.0,90.0,0.64,BR,1733614519.0
maun,-19.9833,23.4167,29.98,35.0,0.0,1.03,BW,1733614519.0
kuruman,-27.4524,23.4325,21.33,23.0,9.0,5.95,ZA,1733614519.0
vaskelovo,60.3693,30.3534,-2.79,93.0,99.0,1.27,RU,1733614519.0
al jaradiyah,16.5795,42.9124,25.57,77.0,0.0,1.46,SA,1733614519.0
kristiansund,63.1115,7.732,5.63,81.0,100.0,1.54,NO,1733614520.0
bodo,67.28,14.405,5.02,65.0,75.0,4.12,NO,1733614520.0
pariaman,-0.619,100.12,25.03,79.0,96.0,1.84,ID,1733614520.0
harnosand,62.6323,17.9379,-1.0,84.0,100.0,1.23,SE,1733614526.0
awjilah,29.1081,21.2869,12.33,60.0,1.0,3.94,LY,1733614526.0
kampong thom,12.7111,104.8887,23.16,80.0,63.0,2.14,KH,1733614526.0
prachuap khiri khan,12.2167,99.75,23.27,80.0,65.0,1.2,TH,1733614526.0
ojinaga,29.5667,-104.4167,15.53,58.0,100.0,2.06,MX,1733614527.0
kavieng,-2.5744,150.7967,27.45,82.0,100.0,7.21,PG,1733614528.0
weihai,37.5017,122.1136,3.36,58.0,35.0,8.36,CN,1733614528.0
tionk essil,12.7856,-16.5217,23.54,28.0,100.0,2.97,SN,1733614528.0
enchanted hills,35.3368,-106.593,13.01,42.0,0.0,1.79,US,1733614528.0
kavaratti,10.5669,72.642,27.3,77.0,68.0,2.99,IN,1733614528.0
lodja,-3.4833,23.4333,19.41,89.0,92.0,0.42,CD,1733614529.0
ouadda,8.0777,22.4007,21.75,35.0,24.0,2.14,CF,1733614529.0
pestravka,52.405,49.9583,-10.65,83.0,70.0,2.9,RU,1733614529.0
el granada,37.5027,-122.4694,17.46,74.0,0.0,3.6,US,1733614529.0
brandon,27.9378,-82.2859,16.19,71.0,0.0,1.54,US,1733614529.0
alice,27.7523,-98.0697,10.94,83.0,100.0,3.09,US,1733614529.0
ormara,25.2088,64.6357,21.8,25.0,4.0,9.89,PK,1733614529.0
borogontsy,62.6683,131.1683,-26.66,99.0,98.0,0.75,RU,1733614533.0
tomatlan,19.9333,-105.25,25.06,76.0,100.0,1.22,MX,1733614533.0
opuwo,-18.0607,13.84,21.89,30.0,32.0,2.98,NA,1733614533.0
muli,2.9167,73.5667,27.52,70.0,41.0,2.41,MV,1733614533.0
tabou,4.423,-7.3528,26.49,80.0,16.0,2.85,CI,1733614533.0
bad blankenburg,50.6833,11.2667,6.07,91.0,100.0,2.12,DE,1733614533.0
deschutes river woods,43.9915,-121.3584,7.97,73.0,100.0,3.58,US,1733614533.0
sao jose da coroa grande,-8.8978,-35.1478,25.39,80.0,21.0,4.23,BR,1733614534.0
san julian,21.0167,-102.1667,18.51,46.0,87.0,2.61,MX,1733614534.0
kachia,9.8667,7.95,19.35,27.0,6.0,4.14,NG,1733614534.0
la foa,-21.7108,165.8276,29.93,51.0,48.0,2.64,NC,1733614534.0
kudymkar,59.0173,54.656,-11.17,89.0,45.0,2.56,RU,1733614534.0
tofol,5.3248,163.0078,26.88,89.0,100.0,4.12,FM,1733614536.0
canton,23.1167,113.25,14.5,44.0,82.0,6.37,CN,1733614505.0
alamosa,37.4695,-105.87,7.99,25.0,0.0,0.0,US,1733614536.0
juneau,58.3019,-134.4197,0.23,93.0,75.0,0.0,US,1733614357.0
citrus springs,28.9975,-82.4707,11.62,71.0,0.0,0.0,US,1733614536.0
aioun,16.6614,-9.6149,20.84,14.0,98.0,6.54,MR,1733614536.0
mandalay,21.9747,96.0836,18.96,81.0,66.0,0.87,MM,1733614459.0
ploneour-lanvern,47.9,-4.2833,8.18,71.0,75.0,11.32,FR,1733614537.0
lompoc,34.6391,-120.4579,19.73,58.0,0.0,4.12,US,1733614537.0
tazacorte,28.629,-17.9293,20.54,78.0,100.0,3.6,ES,1733614538.0
lome,6.1375,1.2123,27.09,83.0,0.0,2.57,TG,1733614538.0
manay,7.215,126.5397,23.99,98.0,100.0,1.6,PH,1733614539.0
key west,24.5557,-81.7826,22.0,76.0,0.0,3.6,US,1733614539.0
taroa,8.7058,171.2275,28.01,82.0,40.0,9.46,MH,1733614539.0
palmira,3.5394,-76.3036,20.83,53.0,90.0,1.34,CO,1733614544.0
archangelos,36.2149,28.1149,14.99,74.0,12.0,5.12,GR,1733614544.0
san rafael,-34.6177,-68.3301,18.65,32.0,36.0,4.77,AR,1733614545.0
kharp,66.8014,65.8081,-16.38,92.0,10.0,3.72,RU,1733614545.0
moree,-29.4667,149.85,32.29,41.0,84.0,1.37,AU,1733614545.0
khandyga,62.6667,135.6,-22.63,99.0,100.0,0.36,RU,1733614545.0
agbabu,6.5886,4.8343,24.4,88.0,100.0,0.66,NG,1733614545.0
sidhpura,27.6333,78.8833,12.34,30.0,0.0,2.81,IN,1733614546.0
mendi,-6.1761,143.6513,21.39,60.0,88.0,1.92,PG,1733614546.0
antsiranana,-12.2787,49.2917,24.47,78.0,88.0,3.34,MG,1733614546.0
howrah,22.5892,88.3103,17.0,77.0,25.0,0.0,IN,1733614546.0
harper,4.375,-7.7169,26.39,80.0,11.0,2.54,LR,1733614547.0
verkhnevilyuysk,63.4453,120.3167,-25.57,99.0,74.0,2.03,RU,1733614547.0
as sulayyil,20.4607,45.5779,16.83,41.0,0.0,2.02,SA,1733614547.0
cruzeiro do sul,-29.5128,-51.9853,20.85,82.0,100.0,3.91,BR,1733614548.0
traverse city,44.7631,-85.6206,5.04,73.0,100.0,6.17,US,1733614548.0
fort bragg,35.139,-79.006,4.95,48.0,2.0,3.01,US,1733614548.0
nova dubnica,48.9348,18.1463,3.01,99.0,98.0,1.45,SK,1733614548.0
lib,8.3122,167.3766,27.79,82.0,60.0,10.54,MH,1733614548.0
rakaw,53.9674,27.0562,1.55,98.0,100.0,5.67,BY,1733614548.0
vytegra,61.0064,36.4481,-5.39,95.0,95.0,1.89,RU,1733614548.0
garbahaarrey,3.3289,42.2209,26.67,61.0,57.0,4.13,SO,1733614549.0
padang,-0.9492,100.3543,25.03,81.0,83.0,1.73,ID,1733614536.0
lorengau,-2.0226,147.2712,25.22,94.0,100.0,4.32,PG,1733614549.0
kyzyl-suu,42.3414,78.0056,-6.59,61.0,96.0,3.41,KG,1733614549.0
kamiiso,41.8167,140.65,-1.79,74.0,75.0,4.63,JP,1733614549.0
saint-louis,16.3333,-15.0,23.71,15.0,81.0,4.59,SN,1733614549.0
